Tahun,Curah_Hujan,Kelembapan
2019,15.639984984985,82.92956522