index,Penderita
0,11.695537
1,11.695537
2,11.695537
3,11.695537
4,11.695537
5,11.695537
6,11.695537
