Tahun,Curah_Hujan,Kelembapan
2019,5.6799330378926935,82.92956522