index,Penderita
0,12.515359
1,12.51622
2,12.516483
3,12.515709
4,12.516652
5,12.516579
6,12.516438
